Datetime,Water Level (m)
2025-04-19 06:00:00,0.2923149
2025-04-19 07:00:00,0.30241612
2025-04-19 08:00:00,0.24119204
2025-04-19 09:00:00,0.109847695
2025-04-19 10:00:00,-0.052194778
2025-04-19 11:00:00,-0.20577754
2025-04-19 12:00:00,-0.2942381
2025-04-19 13:00:00,-0.3235768
2025-04-19 14:00:00,-0.29274264
2025-04-19 15:00:00,-0.21907309
2025-04-19 16:00:00,-0.107627384
2025-04-19 17:00:00,-0.026579529
2025-04-19 18:00:00,0.033459198
2025-04-19 19:00:00,0.021003345
2025-04-19 20:00:00,-0.04824299
2025-04-19 21:00:00,-0.14938663
2025-04-19 22:00:00,-0.2814799
2025-04-19 23:00:00,-0.4021223
2025-04-20 00:00:00,-0.49022442
2025-04-20 01:00:00,-0.49065182
2025-04-20 02:00:00,-0.42626715
2025-04-20 03:00:00,-0.30922183
2025-04-20 04:00:00,-0.14669749
2025-04-20 05:00:00,0.035313703
2025-04-20 06:00:00,0.17300196
2025-04-20 07:00:00,0.24448347
2025-04-20 08:00:00,0.25045827
2025-04-20 09:00:00,0.20578775
2025-04-20 10:00:00,0.10501547
2025-04-20 11:00:00,-0.042883784
2025-04-20 12:00:00,-0.17119096
2025-04-20 13:00:00,-0.257802
2025-04-20 14:00:00,-0.3131554
2025-04-20 15:00:00,-0.31329638
2025-04-20 16:00:00,-0.25619715
2025-04-20 17:00:00,-0.18220146
2025-04-20 18:00:00,-0.09841883
2025-04-20 19:00:00,-0.030195473
2025-04-20 20:00:00,-0.011247278
2025-04-20 21:00:00,-0.014179134
2025-04-20 22:00:00,-0.08098852
2025-04-20 23:00:00,-0.18375532
2025-04-21 00:00:00,-0.2913998
2025-04-21 01:00:00,-0.36983472
2025-04-21 02:00:00,-0.39949873
2025-04-21 03:00:00,-0.37549573
2025-04-21 04:00:00,-0.28778327
2025-04-21 05:00:00,-0.15536967
2025-04-21 06:00:00,-0.004038902
2025-04-21 07:00:00,0.13436098
2025-04-21 08:00:00,0.22621045
2025-04-21 09:00:00,0.26246285
2025-04-21 10:00:00,0.22912829
2025-04-21 11:00:00,0.14034022
2025-04-21 12:00:00,0.0072937883
2025-04-21 13:00:00,-0.1421007
2025-04-21 14:00:00,-0.27222463
2025-04-21 15:00:00,-0.35703623
2025-04-21 16:00:00,-0.4055942
2025-04-21 17:00:00,-0.3740545
2025-04-21 18:00:00,-0.29681346
2025-04-21 19:00:00,-0.17982155
2025-04-21 20:00:00,-0.103490934
2025-04-21 21:00:00,-0.042696938
2025-04-21 22:00:00,-0.02449591
2025-04-21 23:00:00,-0.061665352
2025-04-22 00:00:00,-0.15476932
2025-04-22 01:00:00,-0.2666517
2025-04-22 02:00:00,-0.35628724
2025-04-22 03:00:00,-0.42204383
2025-04-22 04:00:00,-0.43159318
2025-04-22 05:00:00,-0.3705895
2025-04-22 06:00:00,-0.25358036
2025-04-22 07:00:00,-0.088216126
2025-04-22 08:00:00,0.07372471
2025-04-22 09:00:00,0.2034811
2025-04-22 10:00:00,0.2698276
2025-04-22 11:00:00,0.26170325
2025-04-22 12:00:00,0.174081
2025-04-22 13:00:00,0.015099571
2025-04-22 14:00:00,-0.16239733
2025-04-22 15:00:00,-0.32460418
2025-04-22 16:00:00,-0.45070335
2025-04-22 17:00:00,-0.50953174
2025-04-22 18:00:00,-0.47525647
2025-04-22 19:00:00,-0.35510507
2025-04-22 20:00:00,-0.20402527
2025-04-22 21:00:00,-0.05713428
2025-04-22 22:00:00,0.062791884
2025-04-22 23:00:00,0.124267
2025-04-23 00:00:00,0.090644225
2025-04-23 01:00:00,-0.018554293
2025-04-23 02:00:00,-0.15888306
2025-04-23 03:00:00,-0.313091
2025-04-23 04:00:00,-0.42809442
2025-04-23 05:00:00,-0.468669
2025-04-23 06:00:00,-0.43105865
2025-04-23 07:00:00,-0.2964346
2025-04-23 08:00:00,-0.10127191
2025-04-23 09:00:00,0.105698556
2025-04-23 10:00:00,0.27019975
2025-04-23 11:00:00,0.36603644
2025-04-23 12:00:00,0.36745614
2025-04-23 13:00:00,0.24446249
2025-04-23 14:00:00,0.038336918
2025-04-23 15:00:00,-0.19292884
2025-04-23 16:00:00,-0.4087352
2025-04-23 17:00:00,-0.57516897
2025-04-23 18:00:00,-0.63091105
2025-04-23 19:00:00,-0.5537155
2025-04-23 20:00:00,-0.3827022
2025-04-23 21:00:00,-0.16296364
2025-04-23 22:00:00,0.05761229
2025-04-23 23:00:00,0.22404836
2025-04-24 00:00:00,0.2889799
2025-04-24 01:00:00,0.24823982
2025-04-24 02:00:00,0.10313519
2025-04-24 03:00:00,-0.108711526
2025-04-24 04:00:00,-0.3149134
2025-04-24 05:00:00,-0.47983527
2025-04-24 06:00:00,-0.55965894
2025-04-24 07:00:00,-0.5111172
2025-04-24 08:00:00,-0.3375192
2025-04-24 09:00:00,-0.08791332
2025-04-24 10:00:00,0.16109802
2025-04-24 11:00:00,0.3697675
2025-04-24 12:00:00,0.47668737
2025-04-24 13:00:00,0.44156876
2025-04-24 14:00:00,0.2656546
2025-04-24 15:00:00,0.0011749291
2025-04-24 16:00:00,-0.29263046
2025-04-24 17:00:00,-0.55873954
2025-04-24 18:00:00,-0.7235661
2025-04-24 19:00:00,-0.741301
2025-04-24 20:00:00,-0.61532134
2025-04-24 21:00:00,-0.36933482
2025-04-24 22:00:00,-0.06706279
2025-04-24 23:00:00,0.20830792
2025-04-25 00:00:00,0.39803484
2025-04-25 01:00:00,0.46408713
2025-04-25 02:00:00,0.3810514
2025-04-25 03:00:00,0.16866143
2025-04-25 04:00:00,-0.105202176
2025-04-25 05:00:00,-0.37207982
2025-04-25 06:00:00,-0.5764225
